{
  "chart": {
    "title": "Annual change in forest area",
    "note": "This data is calculated as the average annual change based on either ten- or five-year changes in forest area. The exact change may differ from year to year over this period.",
    "citation": "Food and Agriculture Organization of the United Nations (2025)",
    "originalChartUrl": "https://ourworldindata.org/grapher/annual-change-forest-area?v=1&csvType=full&useColumnShortNames=false",
    "selection": [
      "World",
      "Brazil",
      "China",
      "Russia"
    ]
  },
  "columns": {
    "Annual change in forest area": {
      "titleShort": "Annual change in forest area",
      "titleLong": "Annual change in forest area",
      "descriptionShort": "Net change in forest area measures forest expansion (the sum of afforestation and natural expansion) minus deforestation.",
      "descriptionProcessing": "Annual forest area values are linearly interpolated for missing years, based on available data points from the FAO Forest Resources Assessment (FRA) reports.",
      "shortUnit": "ha",
      "unit": "hectares",
      "timespan": "1991-2025",
      "type": "Numeric",
      "owidVariableId": 1129227,
      "shortName": "net_change_forest_area",
      "lastUpdated": "2025-12-05",
      "nextUpdate": "2026-12-05",
      "citationShort": "Food and Agriculture Organization of the United Nations (2025) – with major processing by Our World in Data",
      "citationLong": "Food and Agriculture Organization of the United Nations (2025) – with major processing by Our World in Data. “Annual change in forest area” [dataset]. Food and Agriculture Organization of the United Nations, “Global Forest Resources Assessment 2025” [original data].",
      "fullMetadata": "https://api.ourworldindata.org/v1/indicators/1129227.metadata.json"
    }
  },
  "dateDownloaded": "2026-01-20",
  "activeFilters": {}
}